{"camera": {"position": {"x": -0.6821723, "y": 1.229472, "z": -1.952571}, "rotation": {"w": 0.9441844, "x": 0.2555984, "y": 0.2057367, "z": -0.02928289}, "focalLength": {"x": 501.3368, "y": 502.006}, "principalPoint": {"x": 322.6792, "y": 238.5306}}, "frameId": 58}