{"camera": {"position": {"x": -0.6629359, "y": 1.233867, "z": -1.956731}, "rotation": {"w": 0.9387159, "x": 0.2502414, "y": 0.2346781, "z": -0.03343402}, "focalLength": {"x": 501.3368, "y": 502.006}, "principalPoint": {"x": 322.6792, "y": 238.5306}}, "frameId": 59}