{"camera": {"position": {"x": -1.54918, "y": 1.183835, "z": -1.357529}, "rotation": {"w": 0.8716195, "x": 0.2336424, "y": 0.4172571, "z": -0.1076434}, "focalLength": {"x": 501.3368, "y": 502.006}, "principalPoint": {"x": 322.6792, "y": 238.5306}}, "frameId": 12}