{"camera": {"position": {"x": 1.154463, "y": 1.336221, "z": -1.51372}, "rotation": {"w": 0.9358845, "x": 0.1452219, "y": -0.3192163, "z": 0.0336444}, "focalLength": {"x": 501.2816, "y": 502.6728}, "principalPoint": {"x": 322.4426, "y": 238.4003}}, "frameId": 7}