{"camera": {"position": {"x": -1.838212, "y": 1.161299, "z": -1.161335}, "rotation": {"w": 0.861019, "x": 0.1923755, "y": 0.453017, "z": -0.1281157}, "focalLength": {"x": 492.6799, "y": 493.1665}, "principalPoint": {"x": 320.5892, "y": 238.4572}}, "frameId": 12}