{"camera": {"position": {"x": -1.439386, "y": 1.139845, "z": -1.311037}, "rotation": {"w": 0.9129779, "x": 0.2388508, "y": 0.3178795, "z": -0.0915111}, "focalLength": {"x": 492.6799, "y": 493.1665}, "principalPoint": {"x": 320.5892, "y": 238.4572}}, "frameId": 38}