{"camera": {"position": {"x": 1.263133, "y": 1.516119, "z": -2.290687}, "rotation": {"w": -0.9123625, "x": -0.2817447, "y": 0.2899311, "z": -0.06445567}, "focalLength": {"x": 485.2757, "y": 485.1248}, "principalPoint": {"x": 319.87, "y": 238.3031}}, "frameId": 12}