{"camera": {"position": {"x": 1.113786, "y": 1.454048, "z": -0.9485602}, "rotation": {"w": -0.8742343, "x": -0.3540651, "y": 0.3152302, "z": -0.104796}, "focalLength": {"x": 485.2757, "y": 485.1248}, "principalPoint": {"x": 319.87, "y": 238.3031}}, "frameId": 38}