{"camera": {"position": {"x": -1.619884, "y": 1.189815, "z": -1.044662}, "rotation": {"w": 0.8805611, "x": 0.1805566, "y": 0.420994, "z": -0.1215553}, "focalLength": {"x": 492.6799, "y": 493.1665}, "principalPoint": {"x": 320.5892, "y": 238.4572}}, "frameId": 87}