{"camera": {"position": {"x": -1.788724, "y": 1.235487, "z": -0.6966376}, "rotation": {"w": 0.7924086, "x": 0.2273965, "y": 0.5449896, "z": -0.1528594}, "focalLength": {"x": 492.6799, "y": 493.1665}, "principalPoint": {"x": 320.5892, "y": 238.4572}}, "frameId": 100}