{"position":{"x":0.2883009910583496,"y":1.099853277206421,"z":-1.5857174396514893},"rotation":{"x":0.0002901256375480443,"y":-0.07171335816383362,"z":-0.0019217139342799783,"w":0.9974234104156494}}
