{"camera": {"position": {"x": 1.016403, "y": 1.309407, "z": -1.710045}, "rotation": {"w": 0.9445214, "x": 0.1346208, "y": -0.2989889, "z": 0.01903316}, "focalLength": {"x": 495.4442, "y": 496.3837}, "principalPoint": {"x": 320.2449, "y": 238.6912}}, "frameId": 7}