{"camera": {"position": {"x": -0.4016575, "y": 1.422137, "z": -2.169614}, "rotation": {"w": 0.9814675, "x": 0.180028, "y": 0.06564681, "z": -0.001315649}, "focalLength": {"x": 502.7929, "y": 502.5764}, "principalPoint": {"x": 319.9445, "y": 234.9568}}, "frameId": 7}