{"position":{"x":1.0530674457550049,"y":1.2412097454071046,"z":-1.3572927713394166},"rotation":{"x":0.00014668698713649064,"y":-0.13823388516902924,"z":-0.00193563022185117,"w":0.9903977513313294}}
