{"camera": {"position": {"x": -0.7594315, "y": 1.22935, "z": -1.918313}, "rotation": {"w": 0.9529121, "x": 0.2527069, "y": 0.1674166, "z": -0.008331447}, "focalLength": {"x": 501.3368, "y": 502.006}, "principalPoint": {"x": 322.6792, "y": 238.5306}}, "frameId": 55}