{"camera": {"position": {"x": -1.07517, "y": 1.181278, "z": -1.367301}, "rotation": {"w": 0.9075673, "x": 0.2782012, "y": 0.2971981, "z": -0.102952}, "focalLength": {"x": 501.3368, "y": 502.006}, "principalPoint": {"x": 322.6792, "y": 238.5306}}, "frameId": 84}