{"camera": {"position": {"x": -1.194164, "y": 1.185164, "z": -1.41181}, "rotation": {"w": 0.9092219, "x": 0.2737615, "y": 0.2941412, "z": -0.1088629}, "focalLength": {"x": 503.9236, "y": 502.8785}, "principalPoint": {"x": 320.9721, "y": 235.5917}}, "frameId": 96}