{"camera": {"position": {"x": 0.201466, "y": 1.335083, "z": -1.732134}, "rotation": {"w": 0.9407928, "x": 0.334926, "y": -0.05228183, "z": -0.0004849319}, "focalLength": {"x": 503.9236, "y": 502.8785}, "principalPoint": {"x": 320.9721, "y": 235.5917}}, "frameId": 58}