{"camera": {"position": {"x": 0.2080131, "y": 1.315343, "z": -1.782851}, "rotation": {"w": 0.9377841, "x": 0.3444152, "y": -0.04233119, "z": -0.01212961}, "focalLength": {"x": 503.9236, "y": 502.8785}, "principalPoint": {"x": 320.9721, "y": 235.5917}}, "frameId": 59}