{"camera": {"position": {"x": -1.129526, "y": 1.125286, "z": -1.832678}, "rotation": {"w": 0.9216805, "x": 0.259243, "y": 0.2787721, "z": -0.07472894}, "focalLength": {"x": 492.6799, "y": 493.1665}, "principalPoint": {"x": 320.5892, "y": 238.4572}}, "frameId": 58}