{"camera": {"position": {"x": -1.107167, "y": 1.130817, "z": -1.830845}, "rotation": {"w": 0.914297, "x": 0.2517795, "y": 0.3072972, "z": -0.07897093}, "focalLength": {"x": 492.6799, "y": 493.1665}, "principalPoint": {"x": 320.5892, "y": 238.4572}}, "frameId": 59}