{"camera": {"position": {"x": 0.1620785, "y": 1.190451, "z": -1.084676}, "rotation": {"w": 0.9032658, "x": 0.4191132, "y": -0.08987872, "z": 0.01941388}, "focalLength": {"x": 503.9236, "y": 502.8785}, "principalPoint": {"x": 320.9721, "y": 235.5917}}, "frameId": 38}