{"camera": {"position": {"x": -1.074666, "y": 1.195708, "z": -1.473848}, "rotation": {"w": 0.940219, "x": 0.267955, "y": 0.2092311, "z": -0.02025722}, "focalLength": {"x": 501.3368, "y": 502.006}, "principalPoint": {"x": 322.6792, "y": 238.5306}}, "frameId": 38}