{"position":{"x":-1.0929491519927979,"y":1.4156395196914673,"z":-0.9375130534172058},"rotation":{"x":0.001333145541138947,"y":0.475969523191452,"z":-0.0015290826559066773,"w":0.8794594407081604}}
