{"camera": {"position": {"x": 1.079513, "y": 1.447785, "z": -0.6791718}, "rotation": {"w": -0.8473449, "x": -0.3595926, "y": 0.3665928, "z": -0.1353127}, "focalLength": {"x": 485.2757, "y": 485.1248}, "principalPoint": {"x": 319.87, "y": 238.3031}}, "frameId": 42}