{"camera": {"position": {"x": 1.16926, "y": 1.563391, "z": -1.228225}, "rotation": {"w": -0.9159998, "x": -0.2558928, "y": 0.2961959, "z": -0.08792753}, "focalLength": {"x": 485.2757, "y": 485.1248}, "principalPoint": {"x": 319.87, "y": 238.3031}}, "frameId": 51}