{"camera": {"position": {"x": 1.316726, "y": 1.616283, "z": -1.998107}, "rotation": {"w": 0.95086, "x": 0.2091739, "y": -0.2250173, "z": 0.0384566}, "focalLength": {"x": 485.2757, "y": 485.1248}, "principalPoint": {"x": 319.87, "y": 238.3031}}, "frameId": 58}