{"camera": {"position": {"x": 1.315532, "y": 1.65333, "z": -2.119867}, "rotation": {"w": 0.9544651, "x": 0.2007516, "y": -0.2178646, "z": 0.03507387}, "focalLength": {"x": 485.2757, "y": 485.1248}, "principalPoint": {"x": 319.87, "y": 238.3031}}, "frameId": 59}