{"camera": {"position": {"x": -0.4658606, "y": 1.436074, "z": -2.203486}, "rotation": {"w": 0.9802096, "x": 0.1838982, "y": 0.07318148, "z": 0.003849527}, "focalLength": {"x": 488.1344, "y": 489.1553}, "principalPoint": {"x": 319.6113, "y": 238.6221}}, "frameId": 7}