{"position":{"x":-1.0046544075012208,"y":1.1488124132156373,"z":-1.8432013988494874},"rotation":{"x":0.0,"y":0.00012383062858134508,"z":0.0,"w":1.0}}
