{"camera": {"position": {"x": -0.458447, "y": 1.436146, "z": -2.214969}, "rotation": {"w": 0.9828316, "x": 0.1721557, "y": 0.06630988, "z": -0.002712701}, "focalLength": {"x": 488.1344, "y": 489.1553}, "principalPoint": {"x": 319.6113, "y": 238.6221}}, "frameId": 4}