{"camera": {"position": {"x": -0.3945299, "y": 1.423124, "z": -2.182049}, "rotation": {"w": 0.9823803, "x": 0.1807538, "y": 0.04749532, "z": -0.00103827}, "focalLength": {"x": 502.7929, "y": 502.5764}, "principalPoint": {"x": 319.9445, "y": 234.9568}}, "frameId": 4}