{"camera": {"position": {"x": 1.096266, "y": 1.343624, "z": -1.482386}, "rotation": {"w": 0.936436, "x": 0.137481, "y": -0.3209921, "z": 0.0339208}, "focalLength": {"x": 501.2816, "y": 502.6728}, "principalPoint": {"x": 322.4426, "y": 238.4003}}, "frameId": 4}