{"camera": {"position": {"x": 0.9515722, "y": 1.321001, "z": -1.674224}, "rotation": {"w": 0.9470086, "x": 0.124986, "y": -0.2945572, "z": 0.02809108}, "focalLength": {"x": 495.4442, "y": 496.3837}, "principalPoint": {"x": 320.2449, "y": 238.6912}}, "frameId": 4}