{"camera": {"position": {"x": 0.1780243, "y": 1.427991, "z": -0.8421403}, "rotation": {"w": 0.8953823, "x": 0.4323191, "y": -0.09887864, "z": 0.0401715}, "focalLength": {"x": 503.9236, "y": 502.8785}, "principalPoint": {"x": 320.9721, "y": 235.5917}}, "frameId": 46}