{"camera": {"position": {"x": -0.5688165, "y": 1.356481, "z": -1.692084}, "rotation": {"w": 0.9474362, "x": 0.2958518, "y": 0.1151861, "z": -0.03960392}, "focalLength": {"x": 503.9236, "y": 502.8785}, "principalPoint": {"x": 320.9721, "y": 235.5917}}, "frameId": 12}